pest_file,model_file
hds_layer0_kper0.txt.ins,hds_layer0_kper0.txt
hds_layer2_kper0.txt.ins,hds_layer2_kper0.txt
hds_layer0_kper1.txt.ins,hds_layer0_kper1.txt
hds_layer2_kper1.txt.ins,hds_layer2_kper1.txt
hds_layer0_kper2.txt.ins,hds_layer0_kper2.txt
hds_layer2_kper2.txt.ins,hds_layer2_kper2.txt
hds_layer0_kper3.txt.ins,hds_layer0_kper3.txt
hds_layer2_kper3.txt.ins,hds_layer2_kper3.txt
hds_layer0_kper4.txt.ins,hds_layer0_kper4.txt
hds_layer2_kper4.txt.ins,hds_layer2_kper4.txt
hds_layer0_kper5.txt.ins,hds_layer0_kper5.txt
hds_layer2_kper5.txt.ins,hds_layer2_kper5.txt
hds_layer0_kper6.txt.ins,hds_layer0_kper6.txt
hds_layer2_kper6.txt.ins,hds_layer2_kper6.txt
hds_layer0_kper7.txt.ins,hds_layer0_kper7.txt
hds_layer2_kper7.txt.ins,hds_layer2_kper7.txt
hds_layer0_kper8.txt.ins,hds_layer0_kper8.txt
hds_layer2_kper8.txt.ins,hds_layer2_kper8.txt
hds_layer0_kper9.txt.ins,hds_layer0_kper9.txt
hds_layer2_kper9.txt.ins,hds_layer2_kper9.txt
hds_layer0_kper10.txt.ins,hds_layer0_kper10.txt
hds_layer2_kper10.txt.ins,hds_layer2_kper10.txt
hds_layer0_kper11.txt.ins,hds_layer0_kper11.txt
hds_layer2_kper11.txt.ins,hds_layer2_kper11.txt
hds_layer0_kper12.txt.ins,hds_layer0_kper12.txt
hds_layer2_kper12.txt.ins,hds_layer2_kper12.txt
hds_layer0_kper13.txt.ins,hds_layer0_kper13.txt
hds_layer2_kper13.txt.ins,hds_layer2_kper13.txt
hds_layer0_kper14.txt.ins,hds_layer0_kper14.txt
hds_layer2_kper14.txt.ins,hds_layer2_kper14.txt
hds_layer0_kper15.txt.ins,hds_layer0_kper15.txt
hds_layer2_kper15.txt.ins,hds_layer2_kper15.txt
hds_layer0_kper16.txt.ins,hds_layer0_kper16.txt
hds_layer2_kper16.txt.ins,hds_layer2_kper16.txt
hds_layer0_kper17.txt.ins,hds_layer0_kper17.txt
hds_layer2_kper17.txt.ins,hds_layer2_kper17.txt
hds_layer0_kper18.txt.ins,hds_layer0_kper18.txt
hds_layer2_kper18.txt.ins,hds_layer2_kper18.txt
hds_layer0_kper19.txt.ins,hds_layer0_kper19.txt
hds_layer2_kper19.txt.ins,hds_layer2_kper19.txt
hds_layer0_kper20.txt.ins,hds_layer0_kper20.txt
hds_layer2_kper20.txt.ins,hds_layer2_kper20.txt
hds_layer0_kper21.txt.ins,hds_layer0_kper21.txt
hds_layer2_kper21.txt.ins,hds_layer2_kper21.txt
hds_layer0_kper22.txt.ins,hds_layer0_kper22.txt
hds_layer2_kper22.txt.ins,hds_layer2_kper22.txt
hds_layer0_kper23.txt.ins,hds_layer0_kper23.txt
hds_layer2_kper23.txt.ins,hds_layer2_kper23.txt
hds_layer0_kper24.txt.ins,hds_layer0_kper24.txt
hds_layer2_kper24.txt.ins,hds_layer2_kper24.txt
heads.csv.ins,heads.csv
sfr.csv.ins,sfr.csv
zonebud.csv.ins,zonebud.csv
inc.csv.ins,inc.csv
